Date,Time,Day,Station,Code,Min Delay,Min Gap,Bound,Line,Vehicle
01/02/2023,14:08,Monday,VAUGHAN METROPOLITAN CENTRE,TUSC,19,22,N,YU,5666
01/02/2023,16:05,Monday,BLOOR-YONGE,TRSIG,5,14,E,BD,5314
01/02/2023,18:34,Monday,BATHURST,MUIS,0,5,E,BD,5231
01/04/2023,07:59,Wednesday,WELLESLEY,SUDP,9,9,S,YU,5338
01/05/2023,07:42,Thursday,ST ANDREW,MUNOA,2,5,S,YU,5719
01/05/2023,08:54,Thursday,ST ANDREW,MUATC,1,10,S,YU,5602
01/05/2023,19:59,Thursday,KIPLING,MUSAN,22,26,W,BD,5327
01/06/2023,10:18,Friday,SUMMERHILL,MUSAN,2,6,N,YU,5888
01/08/2023,06:07,Sunday,EGLINTON,MUATC,5,8,S,YU,5493
01/08/2023,06:25,Sunday,LANSDOWNE,TUSC,1,2,E,BD,5124
01/09/2023,08:11,Monday,KENNEDY,SUDP,2,7,E,BD,5257
01/09/2023,09:56,Monday,ST GEORGE,MUATC,11,12,E,BD,5141
01/09/2023,15:31,Monday,SUMMERHILL,MUATC,2,6,N,YU,5426
01/09/2023,16:35,Monday,KING,MUNOA,5,8,S,YU,5532
01/10/2023,07:03,Tuesday,EGLINTON,MUIS,5,10,N,YU,5607
01/10/2023,11:32,Tuesday,ST GEORGE,MUSC,7,13,W,BD,5289
01/10/2023,18:58,Tuesday,YORKDALE,MUNOA,5,9,N,YU,5816
01/11/2023,12:00,Wednesday,NORTH YORK CENTRE,MUSAN,6,8,N,YU,5561
01/11/2023,17:01,Wednesday,EGLINTON,MUSC,25,29,S,YU,5688
01/11/2023,22:44,Wednesday,EGLINTON,MUNOA,0,11,S,YU,5382
01/12/2023,14:32,Thursday,ISLINGTON,MUATC,3,8,W,BD,5264
01/12/2023,14:33,Thursday,DAVISVILLE,SUDP,4,5,N,YU,5755
01/12/2023,19:07,Thursday,SHERBOURNE,MUATC,20,24,W,BD,5110
01/12/2023,19:44,Thursday,SPADINA,TUSC,5,8,N,YU,5387
01/13/2023,05:06,Friday,SHEPPARD WEST,MUATC,5,7,S,YU,5725
01/13/2023,09:16,Friday,SHEPPARD-YONGE,PUOPO,5,10,E,SHEP,5817
01/14/2023,11:49,Saturday,PAPE,MUSC,3,8,E,BD,5145
01/16/2023,09:11,Monday,JANE,MUSC,5,9,W,BD,5285
01/16/2023,14:34,Monday,SHEPPARD-YONGE,MUSC,8,11,E,SHEP,5939
01/16/2023,18:37,Monday,SPADINA,MUSC,5,7,N,YU,5542
01/17/2023,07:08,Tuesday,BESSARION,MUIS,1,2,E,SHEP,5941
01/17/2023,19:02,Tuesday,KIPLING,TUSC,5,7,W,BD,5374
01/17/2023,19:13,Tuesday,CHESTER,MUIS,8,11,E,BD,5101
01/18/2023,11:48,Wednesday,COXWELL,MUSC,1,5,W,BD,5290
01/19/2023,07:44,Thursday,CHESTER,MUSAN,0,4,W,BD,5115
01/19/2023,08:25,Thursday,KENNEDY,MUATC,14,16,E,BD,5283
01/19/2023,11:32,Thursday,ST GEORGE,TUSC,6,8,W,BD,5124
01/19/2023,16:50,Thursday,KENNEDY,MUIS,1,11,W,BD,5226
01/19/2023,17:13,Thursday,WELLESLEY,SUDP,5,14,N,YU,5688
01/19/2023,20:39,Thursday,QUEEN,TUSC,7,9,S,YU,5472
01/20/2023,15:14,Friday,LAWRENCE WEST,MUSAN,4,9,N,YU,5437
01/20/2023,15:53,Friday,BESSARION,MUATC,3,6,E,SHEP,5880
01/21/2023,08:10,Saturday,DUNDAS,SUDP,13,24,S,YU,5407
01/21/2023,09:30,Saturday,MIDLAND,TRSIG,2,4,S,SRT,3086
01/21/2023,13:44,Saturday,QUEEN,MUIS,30,33,N,YU,5682
01/23/2023,16:59,Monday,BLOOR-YONGE,MUSC,2,6,N,YU,5622
01/23/2023,17:31,Monday,SHEPPARD-YONGE,MUNOA,5,9,N,YU,5624
01/23/2023,18:28,Monday,KENNEDY,MUATC,4,7,E,BD,5200
01/23/2023,21:02,Monday,BLOOR-YONGE,MUNOA,4,9,S,YU,5478
01/24/2023,05:51,Tuesday,FINCH,MUATC,0,5,N,YU,5575
01/24/2023,21:02,Tuesday,PAPE,TUSC,4,7,E,BD,5163
01/25/2023,16:49,Wednesday,CASTLE FRANK,TUSC,7,11,W,BD,5386
01/26/2023,06:09,Thursday,UNION,MUSC,4,9,N,YU,5435
01/26/2023,06:51,Thursday,SHEPPARD-YONGE,TRSIG,4,8,E,SHEP,5874
01/27/2023,09:05,Friday,FINCH,MUSC,12,16,S,YU,5874
01/27/2023,17:00,Friday,LAWRENCE WEST,TUSC,26,30,S,YU,5798
01/29/2023,17:46,Sunday,DUNDAS,MUATC,10,12,S,YU,5633
01/30/2023,07:28,Monday,ST ANDREW,MUIS,18,18,N,YU,5395
01/30/2023,20:20,Monday,BLOOR-YONGE,MUNOA,3,15,E,BD,5374
01/31/2023,09:02,Tuesday,SHEPPARD-YONGE,MUIS,15,19,E,SHEP,5918
01/31/2023,16:10,Tuesday,DUNDAS,MUSC,5,8,S,YU,5521
01/31/2023,18:57,Tuesday,SPADINA,MUSC,3,4,E,BD,5230
01/31/2023,19:06,Tuesday,EGLINTON,TUSC,3,7,S,YU,5617
02/01/2023,08:55,Wednesday,SPADINA,SUDP,3,8,E,BD,5290
02/01/2023,15:06,Wednesday,FINCH,TRSIG,0,1,S,YU,5593
02/01/2023,18:56,Wednesday,WARDEN,MUATC,7,22,W,BD,5232
02/01/2023,19:31,Wednesday,MIDLAND,PUOPO,5,9,S,SRT,3098
02/01/2023,21:45,Wednesday,KIPLING,MUIS,1,5,E,BD,5296
02/02/2023,08:03,Thursday,OSSINGTON,TRSIG,5,5,W,BD,5397
02/02/2023,08:20,Thursday,BLOOR-YONGE,MUATC,6,9,E,BD,5101
02/02/2023,09:17,Thursday,EGLINTON,MUATC,3,4,S,YU,5894
02/02/2023,13:52,Thursday,ISLINGTON,TRSIG,6,7,E,BD,5144
02/04/2023,16:15,Saturday,QUEEN,MUSC,3,7,N,YU,5614
02/05/2023,07:23,Sunday,MAIN STREET,PUOPO,2,3,E,BD,5113
02/06/2023,07:12,Monday,BAYVIEW,SUDP,3,5,E,SHEP,5911
02/06/2023,17:38,Monday,DUFFERIN,MUSAN,5,8,E,BD,5258
02/07/2023,06:20,Tuesday,LAWRENCE WEST,MUSAN,1,1,N,YU,5367
02/07/2023,14:11,Tuesday,UNION,TUSC,5,8,S,YU,5859
02/08/2023,07:40,Wednesday,OSGOODE,MUSC,9,24,N,YU,5621
02/08/2023,08:45,Wednesday,BLOOR-YONGE,MUATC,0,1,S,YU,5684
02/08/2023,16:07,Wednesday,ROSEDALE,TUSC,18,21,S,YU,5493
02/09/2023,17:13,Thursday,KIPLING,MUSC,13,15,W,BD,5333
02/09/2023,17:23,Thursday,RUNNYMEDE,TRSIG,6,9,E,BD,5321
02/10/2023,15:29,Friday,MAIN STREET,MUIS,5,8,E,BD,5371
02/11/2023,08:04,Saturday,BLOOR-YONGE,MUNOA,3,3,S,YU,5848
02/11/2023,09:33,Saturday,OLD MILL,TUSC,7,7,W,BD,5178
02/11/2023,10:01,Saturday,HIGH PARK,MUNOA,19,24,W,BD,5261
02/11/2023,10:48,Saturday,KING,MUATC,8,12,S,YU,5595
02/11/2023,14:51,Saturday,KENNEDY,MUNOA,2,5,E,BD,5195
02/13/2023,07:54,Monday,WOODBINE,MUATC,1,6,W,BD,5125
02/13/2023,08:20,Monday,DUNDAS,TUSC,30,37,N,YU,5621
02/13/2023,21:07,Monday,MIDLAND,MUIS,10,13,N,SRT,3068
02/14/2023,15:41,Tuesday,KENNEDY,MUSAN,17,21,W,BD,5113
02/14/2023,16:32,Tuesday,BAY,SUDP,5,10,E,BD,5101
02/14/2023,17:10,Tuesday,RUNNYMEDE,TUSC,2,7,W,BD,5102
02/15/2023,17:14,Wednesday,MCCOWAN,MUSC,3,3,S,SRT,3060
02/16/2023,09:51,Thursday,MIDLAND,MUIS,10,11,S,SRT,3014
02/16/2023,12:07,Thursday,KENNEDY,PUOPO,10,13,W,BD,5349
02/16/2023,16:55,Thursday,DON MILLS,MUSC,6,16,E,SHEP,5947
02/17/2023,09:04,Friday,BAY,SUDP,6,11,E,BD,5353
02/17/2023,09:57,Friday,NORTH YORK CENTRE,MUATC,4,7,S,YU,5480
02/20/2023,16:35,Monday,BLOOR-YONGE,TUSC,2,7,E,BD,5250
02/21/2023,05:28,Tuesday,SHEPPARD-YONGE,MUIS,10,13,N,YU,5365
02/21/2023,16:38,Tuesday,QUEEN,TUSC,17,22,S,YU,5857
02/22/2023,11:54,Wednesday,COXWELL,MUNOA,10,12,E,BD,5372
02/22/2023,16:26,Wednesday,LAWRENCE,TUSC,5,6,N,YU,5320
02/22/2023,16:44,Wednesday,LANSDOWNE,TUSC,1,6,W,BD,5149
02/22/2023,17:55,Wednesday,BLOOR-YONGE,MUATC,11,15,W,BD,5285
02/23/2023,15:27,Thursday,EGLINTON,TRSIG,5,8,S,YU,5394
02/23/2023,16:00,Thursday,KING,MUIS,0,2,N,YU,5887
02/23/2023,21:58,Thursday,VICTORIA PARK,MUSC,3,6,E,BD,5203
02/24/2023,08:39,Friday,SUMMERHILL,TUSC,1,1,N,YU,5704
02/25/2023,11:02,Saturday,ST GEORGE,MUNOA,3,4,W,BD,5254
02/26/2023,21:32,Sunday,HIGHWAY 407,MUNOA,5,5,S,YU,5688
02/27/2023,16:43,Monday,KENNEDY,MUATC,7,17,W,BD,5109
02/27/2023,17:34,Monday,ELLESMERE,MUSC,4,9,S,SRT,3007
02/28/2023,08:51,Tuesday,QUEEN'S PARK,EUAC,7,9,N,YU,5320
02/28/2023,17:57,Tuesday,GREENWOOD,TUSC,2,6,E,BD,5345
02/28/2023,19:43,Tuesday,LAWRENCE,MUATC,47,56,S,YU,5539
03/01/2023,07:51,Wednesday,EGLINTON,SUDP,5,7,S,YU,5792
03/01/2023,10:17,Wednesday,BAYVIEW,MUIS,1,1,W,SHEP,5898
03/01/2023,11:42,Wednesday,WELLESLEY,MUIS,2,6,S,YU,5535
03/01/2023,12:23,Wednesday,MCCOWAN,TUSC,3,6,N,SRT,3035
03/02/2023,13:13,Thursday,FINCH,TUSC,13,18,S,YU,5732
03/02/2023,19:36,Thursday,GREENWOOD,MUATC,3,8,E,BD,5354
03/02/2023,19:45,Thursday,DON MILLS,TUSC,2,4,E,SHEP,5827
03/03/2023,17:18,Friday,SPADINA,TUSC,8,13,E,BD,5361
03/03/2023,18:04,Friday,EGLINTON,SUDP,1,3,N,YU,5424
03/04/2023,08:29,Saturday,DUNDAS WEST,MUIS,24,24,E,BD,5361
03/04/2023,15:19,Saturday,DONLANDS,MUSAN,14,19,E,BD,5143
03/06/2023,06:51,Monday,DUNDAS,MUIS,0,5,N,YU,5830
03/06/2023,07:04,Monday,SPADINA,MUIS,5,9,S,YU,5349
03/06/2023,07:07,Monday,OSSINGTON,MUIS,3,4,W,BD,5327
03/06/2023,10:47,Monday,LESLIE,MUIS,1,3,W,SHEP,5905
03/06/2023,18:54,Monday,SPADINA,MUSC,20,22,W,BD,5218
03/06/2023,20:57,Monday,FINCH,TUSC,4,9,N,YU,5645
03/06/2023,23:03,Monday,LESLIE,MUNOA,10,22,W,SHEP,5946
03/07/2023,07:07,Tuesday,EGLINTON,MUNOA,2,7,S,YU,5404
03/07/2023,16:40,Tuesday,KIPLING,SUDP,0,12,W,BD,5333
03/07/2023,17:38,Tuesday,ST CLAIR WEST,MUATC,9,14,N,YU,5875
03/07/2023,18:07,Tuesday,NORTH YORK CENTRE,MUNOA,3,5,N,YU,5566
03/09/2023,14:08,Thursday,KEELE,MUATC,6,7,W,BD,5286
03/09/2023,14:52,Thursday,GREENWOOD,SUDP,18,18,W,BD,5387
03/10/2023,08:16,Friday,SHEPPARD-YONGE,MUSC,4,9,W,SHEP,5879
03/10/2023,09:49,Friday,SHEPPARD-YONGE,MUATC,7,11,N,YU,5563
03/11/2023,16:46,Saturday,KING,MUSC,3,13,S,YU,5471
03/11/2023,16:50,Saturday,BAYVIEW,MUATC,8,12,E,SHEP,5932
03/12/2023,16:38,Sunday,BLOOR-YONGE,PUOPO,16,17,N,YU,5876
03/13/2023,16:09,Monday,BAY,MUIS,7,12,W,BD,5399
03/13/2023,19:32,Monday,SPADINA,TUSC,6,7,N,YU,5301
03/15/2023,17:18,Wednesday,WELLESLEY,TUSC,19,23,N,YU,5571
03/15/2023,18:30,Wednesday,BLOOR-YONGE,TUSC,7,7,W,BD,5305
03/16/2023,08:55,Thursday,DUNDAS WEST,MUNOA,1,5,W,BD,5294
03/16/2023,09:11,Thursday,UNION,MUSC,5,6,S,YU,5607
03/16/2023,18:14,Thursday,COLLEGE,MUSC,5,7,N,YU,5549
03/17/2023,18:14,Friday,ELLESMERE,MUATC,2,6,N,SRT,3069
03/18/2023,07:06,Saturday,OSGOODE,TUSC,2,5,N,YU,5885
03/18/2023,13:10,Saturday,OSGOODE,PUOPO,1,4,S,YU,5384
03/18/2023,18:04,Saturday,KENNEDY,MUSAN,16,21,E,BD,5223
03/18/2023,18:23,Saturday,GLENCAIRN,MUATC,3,8,N,YU,5646
03/19/2023,16:09,Sunday,COLLEGE,TRSIG,1,10,N,YU,5660
03/22/2023,09:34,Wednesday,HIGH PARK,MUSAN,4,7,E,BD,5353
03/23/2023,08:03,Thursday,SHEPPARD-YONGE,MUNOA,25,28,W,SHEP,5862
03/23/2023,09:23,Thursday,MUSEUM,MUSC,6,8,S,YU,5752
03/25/2023,05:00,Saturday,SHEPPARD-YONGE,MUATC,8,8,S,YU,5534
03/25/2023,08:59,Saturday,QUEEN'S PARK,MUNOA,2,2,S,YU,5696
03/26/2023,17:45,Sunday,BLOOR-YONGE,TUSC,5,6,N,YU,5431
03/28/2023,18:59,Tuesday,EGLINTON,MUIS,3,7,N,YU,5442
03/28/2023,19:15,Tuesday,KING,TUSC,4,4,S,YU,5457
03/29/2023,16:11,Wednesday,ST CLAIR WEST,MUSC,4,6,S,YU,5444
03/29/2023,16:19,Wednesday,SPADINA,TRSIG,4,6,N,YU,5416
03/29/2023,19:02,Wednesday,UNION,MUATC,2,11,S,YU,5671
03/30/2023,07:41,Thursday,DUNDAS,MUSAN,1,5,N,YU,5366
04/04/2023,06:09,Tuesday,UNION,MUNOA,5,7,S,YU,5431
04/05/2023,09:41,Wednesday,BATHURST,TRSIG,5,12,W,BD,5279
04/06/2023,17:38,Thursday,BLOOR-YONGE,MUIS,17,18,S,YU,5332
04/07/2023,17:50,Friday,BROADVIEW,MUATC,2,6,E,BD,5145
04/08/2023,22:42,Saturday,EGLINTON,MUNOA,10,12,N,YU,5593
04/11/2023,08:55,Tuesday,QUEEN,MUIS,6,8,N,YU,5512
04/11/2023,10:03,Tuesday,SPADINA,PUOPO,11,15,N,YU,5618
04/12/2023,19:09,Wednesday,DUNDAS WEST,TUSC,7,12,E,BD,5205
04/12/2023,20:35,Wednesday,LANSDOWNE,PUOPO,3,17,W,BD,5203
04/14/2023,14:35,Friday,EGLINTON,PUOPO,0,4,N,YU,5377
04/14/2023,16:06,Friday,DUNDAS,MUATC,37,42,N,YU,5885
04/15/2023,08:23,Saturday,BAYVIEW,MUIS,1,5,E,SHEP,5862
04/17/2023,16:20,Monday,DUNDAS,MUSAN,2,4,S,YU,5792
04/17/2023,20:46,Monday,BLOOR-YONGE,MUSC,10,15,N,YU,5794
04/19/2023,09:20,Wednesday,DUPONT,MUNOA,10,12,N,YU,5783
04/19/2023,21:45,Wednesday,SCARBOROUGH CENTRE,TRSIG,6,8,S,SRT,3009
04/22/2023,19:02,Saturday,DOWNSVIEW PARK,MUNOA,5,6,S,YU,5843
04/24/2023,08:58,Monday,BAYVIEW,MUATC,5,8,W,SHEP,5847
04/24/2023,16:31,Monday,SCARBOROUGH CENTRE,MUNOA,15,24,S,SRT,3003
04/24/2023,17:38,Monday,YORK MILLS,MUATC,1,8,N,YU,5451
04/25/2023,18:46,Tuesday,YORK MILLS,MUIS,4,7,S,YU,5485
04/25/2023,20:14,Tuesday,WARDEN,MUSAN,3,4,W,BD,5315
04/25/2023,20:27,Tuesday,LAWRENCE WEST,TUSC,2,4,S,YU,5391
04/26/2023,09:21,Wednesday,KIPLING,MUATC,2,7,W,BD,5337
04/26/2023,16:23,Wednesday,EGLINTON WEST,MUSAN,5,10,N,YU,5377
04/28/2023,17:17,Friday,DOWNSVIEW PARK,MUATC,5,7,S,YU,5410
04/28/2023,17:18,Friday,DOWNSVIEW PARK,SUDP,2,3,N,YU,5310
04/29/2023,17:47,Saturday,QUEEN,MUSC,4,11,S,YU,5851
05/01/2023,20:08,Monday,YORK MILLS,TRSIG,4,7,S,YU,5470
05/02/2023,18:46,Tuesday,WELLESLEY,TRSIG,1,13,S,YU,5807
05/02/2023,21:25,Tuesday,EGLINTON WEST,TUSC,0,2,S,YU,5545
05/02/2023,21:52,Tuesday,UNION,SUDP,10,10,S,YU,5754
05/04/2023,17:41,Thursday,QUEEN,PUOPO,2,7,N,YU,5652
05/05/2023,08:05,Friday,SHEPPARD-YONGE,MUATC,3,7,S,YU,5627
05/05/2023,08:57,Friday,SHEPPARD-YONGE,PUOPO,3,3,E,SHEP,5808
05/05/2023,09:14,Friday,CHRISTIE,PUOPO,4,15,W,BD,5338
05/05/2023,13:22,Friday,BESSARION,TUSC,0,0,W,SHEP,5810
05/05/2023,15:29,Friday,YORK MILLS,MUIS,0,3,S,YU,5798
05/05/2023,19:05,Friday,KENNEDY,MUIS,5,8,E,BD,5263
05/07/2023,07:14,Sunday,SHEPPARD-YONGE,MUIS,3,7,S,YU,5811
05/08/2023,15:08,Monday,BLOOR-YONGE,MUIS,5,18,E,BD,5304
05/10/2023,14:51,Wednesday,DUNDAS WEST,SUDP,5,9,E,BD,5219
05/11/2023,08:49,Thursday,WELLESLEY,EUAC,9,13,N,YU,5715
05/11/2023,11:21,Thursday,SHEPPARD-YONGE,MUNOA,4,9,S,YU,5813
05/11/2023,16:42,Thursday,SPADINA,MUATC,7,10,E,BD,5346
05/11/2023,19:38,Thursday,KING,TRSIG,6,6,N,YU,5380
05/13/2023,15:59,Saturday,UNION,SUDP,28,28,N,YU,5807
05/14/2023,22:04,Sunday,ST GEORGE,MUIS,14,19,E,BD,5396
05/15/2023,07:41,Monday,MCCOWAN,TUSC,0,5,N,SRT,3072
05/15/2023,17:37,Monday,SPADINA,TUSC,1,5,E,BD,5331
05/15/2023,19:54,Monday,SHEPPARD-YONGE,MUIS,2,11,N,YU,5746
05/17/2023,05:48,Wednesday,BESSARION,MUIS,11,14,W,SHEP,5808
05/18/2023,07:06,Thursday,ST GEORGE,MUIS,8,10,W,BD,5166
05/18/2023,08:04,Thursday,YORK MILLS,MUATC,20,20,S,YU,5564
05/18/2023,08:20,Thursday,KIPLING,TUSC,4,6,W,BD,5222
05/18/2023,16:55,Thursday,DUFFERIN,MUATC,11,15,W,BD,5179
05/22/2023,09:44,Monday,DON MILLS,TRSIG,16,18,E,SHEP,5928
05/23/2023,10:13,Tuesday,DUNDAS,MUSC,9,12,S,YU,5340
05/23/2023,10:52,Tuesday,UNION,MUSAN,5,8,S,YU,5704
05/23/2023,18:19,Tuesday,SHERBOURNE,MUIS,2,5,E,BD,5372
05/24/2023,16:15,Wednesday,SPADINA,MUATC,8,9,E,BD,5391
05/24/2023,16:35,Wednesday,BESSARION,MUIS,7,8,E,SHEP,5878
05/25/2023,14:59,Thursday,MCCOWAN,MUIS,4,8,N,SRT,3026
05/27/2023,09:17,Saturday,BATHURST,MUATC,2,12,W,BD,5286
05/29/2023,16:10,Monday,FINCH WEST,TUSC,23,26,N,YU,5649
05/30/2023,07:58,Tuesday,KENNEDY,MUATC,20,25,E,BD,5231
05/30/2023,09:11,Tuesday,DUPONT,MUATC,10,15,N,YU,5440
05/30/2023,09:43,Tuesday,ST GEORGE,MUSC,3,3,E,BD,5274
05/30/2023,17:38,Tuesday,OSSINGTON,MUIS,5,7,E,BD,5213
05/30/2023,17:54,Tuesday,YORKDALE,MUNOA,12,12,N,YU,5444
05/30/2023,23:59,Tuesday,BAY,MUIS,4,5,W,BD,5360
05/31/2023,09:37,Wednesday,EGLINTON,TUSC,10,12,N,YU,5413
05/31/2023,11:16,Wednesday,GLENCAIRN,PUOPO,0,3,S,YU,5807
05/31/2023,17:07,Wednesday,COXWELL,MUNOA,19,19,E,BD,5200
05/31/2023,18:29,Wednesday,BESSARION,MUATC,1,2,W,SHEP,5919
06/01/2023,17:17,Thursday,BLOOR-YONGE,TRSIG,4,4,W,BD,5337
06/03/2023,18:18,Saturday,QUEEN,PUOPO,6,6,N,YU,5346
06/05/2023,07:07,Monday,BLOOR-YONGE,EUAC,24,26,N,YU,5779
06/05/2023,07:22,Monday,SCARBOROUGH CENTRE,TUSC,10,10,N,SRT,3026
06/06/2023,07:01,Tuesday,WELLESLEY,MUIS,5,15,N,YU,5475
06/06/2023,16:49,Tuesday,QUEEN,PUOPO,0,1,N,YU,5472
06/07/2023,18:01,Wednesday,WILSON,PUOPO,5,15,N,YU,5763
06/09/2023,07:04,Friday,DON MILLS,MUATC,0,5,E,SHEP,5833
06/09/2023,07:20,Friday,MIDLAND,MUIS,30,31,S,SRT,3052
06/09/2023,09:15,Friday,DUNDAS WEST,EUAC,6,7,E,BD,5105
06/09/2023,20:14,Friday,BAYVIEW,EUAC,2,6,W,SHEP,5872
06/10/2023,18:11,Saturday,KENNEDY,TUSC,5,6,E,BD,5325
06/11/2023,18:35,Sunday,SHEPPARD-YONGE,MUSC,3,17,E,SHEP,5924
06/12/2023,15:43,Monday,BLOOR-YONGE,TRSIG,18,25,W,BD,5272
06/12/2023,17:29,Monday,ST GEORGE,MUATC,1,5,E,BD,5201
06/17/2023,07:38,Saturday,HIGHWAY 407,PUOPO,5,10,S,YU,5871
06/17/2023,13:04,Saturday,ELLESMERE,EUAC,10,14,S,SRT,3038
06/17/2023,13:22,Saturday,ROSEDALE,MUSAN,4,7,N,YU,5805
06/20/2023,15:45,Tuesday,QUEEN'S PARK,TUSC,4,4,S,YU,5472
06/20/2023,18:48,Tuesday,BAYVIEW,EUAC,5,6,E,SHEP,5882
06/21/2023,06:30,Wednesday,BAYVIEW,EUAC,1,1,E,SHEP,5944
06/22/2023,07:30,Thursday,SHEPPARD-YONGE,MUATC,5,9,W,SHEP,5806
06/26/2023,09:00,Monday,OSSINGTON,EUAC,0,2,E,BD,5321
06/27/2023,09:38,Tuesday,DAVISVILLE,MUATC,7,10,S,YU,5630
06/28/2023,07:14,Wednesday,DUFFERIN,EUAC,3,7,W,BD,5109
06/28/2023,19:19,Wednesday,KENNEDY,EUAC,23,36,E,BD,5262
06/29/2023,08:58,Thursday,VAUGHAN METROPOLITAN CENTRE,PUOPO,5,10,S,YU,5599
06/29/2023,09:10,Thursday,LAWRENCE,TUSC,9,12,N,YU,5732
06/29/2023,15:33,Thursday,VAUGHAN METROPOLITAN CENTRE,EUAC,8,12,N,YU,5692
07/02/2023,06:04,Sunday,SPADINA,EUAC,1,2,S,YU,5327
07/03/2023,20:09,Monday,WOODBINE,SUDP,0,1,W,BD,5178
07/04/2023,07:03,Tuesday,EGLINTON,TUSC,28,31,N,YU,5624
07/06/2023,09:16,Thursday,UNION,EUAC,7,9,N,YU,5713
07/08/2023,15:39,Saturday,EGLINTON WEST,MUATC,8,13,S,YU,5349
07/12/2023,18:21,Wednesday,FINCH,EUAC,1,1,S,YU,5435
07/13/2023,20:00,Thursday,MIDLAND,MUSC,7,8,S,SRT,3095
07/13/2023,21:45,Thursday,BLOOR-YONGE,EUAC,0,3,W,BD,5135
07/16/2023,14:16,Sunday,ST CLAIR WEST,MUATC,3,8,S,YU,5856
07/16/2023,14:33,Sunday,YORK MILLS,EUAC,6,8,S,YU,5777
07/17/2023,06:15,Monday,CHESTER,TUSC,4,4,W,BD,5378
07/17/2023,06:56,Monday,WELLESLEY,MUATC,4,4,N,YU,5332
07/17/2023,14:33,Monday,SPADINA,MUSAN,5,7,W,BD,5245
07/17/2023,14:39,Monday,YORK MILLS,TRSIG,3,4,S,YU,5693
07/18/2023,08:52,Tuesday,QUEEN'S PARK,MUATC,8,11,S,YU,5521
07/19/2023,19:46,Wednesday,KIPLING,TUSC,3,7,E,BD,5252
07/19/2023,19:54,Wednesday,KENNEDY,SUDP,1,5,E,BD,5227
07/20/2023,20:58,Thursday,SHEPPARD-YONGE,TUSC,10,15,E,SHEP,5918
07/21/2023,12:06,Friday,WELLESLEY,MUATC,2,3,N,YU,5692
07/22/2023,09:11,Saturday,ROYAL YORK,SUDP,8,12,W,BD,5362
07/24/2023,08:59,Monday,BLOOR-YONGE,TRSIG,0,1,W,BD,5194
07/26/2023,09:08,Wednesday,LESLIE,TRSIG,2,12,E,SHEP,5947
07/27/2023,16:26,Thursday,BLOOR-YONGE,MUATC,0,1,N,YU,5473
07/27/2023,21:05,Thursday,KING,MUSC,2,6,N,YU,5578
07/27/2023,21:56,Thursday,YORK MILLS,SUDP,18,32,N,YU,5822
07/28/2023,08:39,Friday,BLOOR-YONGE,MUNOA,2,10,E,BD,5178
07/28/2023,09:16,Friday,EGLINTON,MUATC,10,11,N,YU,5789
08/02/2023,08:35,Wednesday,BLOOR-YONGE,EUAC,3,7,E,BD,5335
08/02/2023,09:43,Wednesday,PAPE,MUIS,13,18,E,BD,5214
08/03/2023,07:02,Thursday,BLOOR-YONGE,MUSC,5,8,W,BD,5371
08/03/2023,15:50,Thursday,QUEEN,MUNOA,10,17,S,YU,5397
08/04/2023,11:49,Friday,DON MILLS,MUATC,15,19,W,SHEP,5928
08/05/2023,18:53,Saturday,KING,MUATC,4,13,N,YU,5790
08/05/2023,21:02,Saturday,DOWNSVIEW PARK,MUNOA,11,12,N,YU,5373
08/06/2023,17:31,Sunday,SHEPPARD-YONGE,PUOPO,5,11,N,YU,5547
08/09/2023,08:59,Wednesday,ST PATRICK,MUATC,1,5,N,YU,5475
08/10/2023,17:02,Thursday,PAPE,MUSC,2,11,E,BD,5361
08/14/2023,17:28,Monday,QUEEN'S PARK,MUIS,2,3,N,YU,5679
08/14/2023,17:49,Monday,SHERBOURNE,MUSC,5,8,W,BD,5184
08/14/2023,18:31,Monday,WOODBINE,SUDP,20,24,W,BD,5290
08/17/2023,15:06,Thursday,QUEEN'S PARK,EUAC,19,24,S,YU,5361
08/17/2023,19:16,Thursday,DUFFERIN,MUATC,1,6,W,BD,5198
08/18/2023,10:11,Friday,EGLINTON,SUDP,26,34,S,YU,5804
08/18/2023,11:36,Friday,BAYVIEW,MUIS,4,6,W,SHEP,5885
08/21/2023,11:24,Monday,EGLINTON,MUATC,10,11,N,YU,5893
08/21/2023,13:04,Monday,UNION,EUAC,1,6,S,YU,5303
08/22/2023,09:08,Tuesday,KIPLING,EUAC,2,3,W,BD,5281
08/22/2023,10:18,Tuesday,OSGOODE,TRSIG,0,2,N,YU,5480
08/22/2023,10:46,Tuesday,WILSON,EUAC,7,8,N,YU,5737
08/22/2023,16:17,Tuesday,RUNNYMEDE,TUSC,9,13,E,BD,5269
08/23/2023,16:24,Wednesday,PAPE,TUSC,4,9,E,BD,5330
08/23/2023,17:12,Wednesday,VAUGHAN METROPOLITAN CENTRE,MUATC,0,5,S,YU,5577
08/23/2023,18:35,Wednesday,SPADINA,MUIS,0,3,W,BD,5205
08/24/2023,20:59,Thursday,EGLINTON WEST,EUAC,0,3,S,YU,5319
08/25/2023,07:13,Friday,OSGOODE,MUIS,5,6,S,YU,5620
08/25/2023,07:47,Friday,LESLIE,MUATC,16,17,W,SHEP,5877
08/25/2023,08:13,Friday,FINCH,TRSIG,0,5,S,YU,5436
08/26/2023,15:14,Saturday,HIGH PARK,MUIS,13,14,E,BD,5299
08/26/2023,18:38,Saturday,COXWELL,TUSC,10,21,W,BD,5131
08/27/2023,15:58,Sunday,ST GEORGE,EUAC,3,4,W,BD,5277
08/27/2023,19:33,Sunday,DONLANDS,MUIS,1,1,W,BD,5310
08/28/2023,06:36,Monday,PAPE,SUDP,9,11,W,BD,5245
08/28/2023,16:11,Monday,DUPONT,MUATC,25,30,N,YU,5887
08/30/2023,18:58,Wednesday,YORKDALE,TUSC,2,3,N,YU,5564
08/31/2023,09:13,Thursday,QUEEN,EUAC,2,4,N,YU,5878
08/31/2023,09:25,Thursday,NORTH YORK CENTRE,MUIS,4,10,N,YU,5845
08/31/2023,17:27,Thursday,SCARBOROUGH CENTRE,MUNOA,3,6,S,SRT,3058
09/01/2023,07:37,Friday,KENNEDY,PUOPO,1,2,E,BD,5251
09/04/2023,09:50,Monday,BAYVIEW,MUIS,0,3,W,SHEP,5829
09/04/2023,20:21,Monday,CHRISTIE,MUNOA,10,13,E,BD,5362
09/06/2023,16:30,Wednesday,OLD MILL,TRSIG,0,0,E,BD,5188
09/06/2023,17:22,Wednesday,SHEPPARD-YONGE,TRSIG,8,8,W,SHEP,5939
09/08/2023,11:19,Friday,SHERBOURNE,PUOPO,17,25,E,BD,5270
09/08/2023,18:14,Friday,WELLESLEY,MUSC,9,10,S,YU,5753
09/08/2023,19:37,Friday,FINCH,EUAC,5,7,N,YU,5303
09/09/2023,16:23,Saturday,BROADVIEW,EUAC,5,15,E,BD,5184
09/11/2023,07:02,Monday,OSGOODE,TUSC,2,14,S,YU,5666
09/11/2023,10:26,Monday,SPADINA,MUIS,13,13,W,BD,5388
09/11/2023,17:52,Monday,EGLINTON,EUAC,5,7,N,YU,5392
09/12/2023,19:46,Tuesday,BLOOR-YONGE,TUSC,4,4,N,YU,5885
09/12/2023,19:55,Tuesday,BLOOR-YONGE,MUATC,4,4,E,BD,5328
09/13/2023,06:30,Wednesday,KENNEDY,MUNOA,3,3,W,BD,5192
09/14/2023,13:38,Thursday,ROYAL YORK,MUATC,0,12,W,BD,5233
09/14/2023,16:17,Thursday,QUEEN'S PARK,MUSC,7,7,S,YU,5415
09/14/2023,16:35,Thursday,NORTH YORK CENTRE,EUAC,3,8,N,YU,5854
09/15/2023,11:57,Friday,DON MILLS,MUATC,10,10,E,SHEP,5881
09/17/2023,19:10,Sunday,UNION,MUSC,8,10,S,YU,5827
09/18/2023,07:21,Monday,KING,EUAC,1,1,S,YU,5584
09/18/2023,07:35,Monday,GLENCAIRN,TUSC,8,10,S,YU,5757
09/18/2023,08:15,Monday,ST CLAIR WEST,MUATC,5,6,S,YU,5562
09/20/2023,08:43,Wednesday,BAYVIEW,TRSIG,2,3,W,SHEP,5834
09/21/2023,09:12,Thursday,BAYVIEW,MUIS,1,6,W,SHEP,5863
09/21/2023,16:04,Thursday,LAWRENCE WEST,MUSC,0,2,N,YU,5852
09/22/2023,14:24,Friday,MAIN STREET,MUNOA,24,24,E,BD,5288
09/22/2023,15:17,Friday,MCCOWAN,MUNOA,5,8,N,SRT,3048
09/22/2023,15:22,Friday,PAPE,TUSC,8,9,E,BD,5247
09/22/2023,17:41,Friday,BAYVIEW,TRSIG,19,21,E,SHEP,5813
09/22/2023,17:55,Friday,SHEPPARD-YONGE,SUDP,18,20,N,YU,5553
09/24/2023,19:53,Sunday,SHEPPARD-YONGE,MUSC,11,14,W,SHEP,5879
09/26/2023,07:23,Tuesday,UNION,TRSIG,3,7,N,YU,5791
09/26/2023,07:51,Tuesday,DONLANDS,MUATC,9,21,E,BD,5248
09/26/2023,09:35,Tuesday,OSGOODE,EUAC,0,3,N,YU,5767
09/26/2023,10:03,Tuesday,MAIN STREET,MUATC,1,5,E,BD,5209
09/28/2023,07:18,Thursday,DUNDAS,MUATC,3,6,N,YU,5802
09/28/2023,12:00,Thursday,BLOOR-YONGE,MUSAN,0,2,N,YU,5457
09/29/2023,10:30,Friday,ST ANDREW,EUAC,9,9,S,YU,5873
10/01/2023,12:39,Sunday,COXWELL,TRSIG,7,21,W,BD,5146
10/01/2023,17:47,Sunday,LAWRENCE,SUDP,2,7,S,YU,5683
10/02/2023,07:06,Monday,KENNEDY,MUNOA,5,12,W,BD,5243
10/02/2023,08:26,Monday,KEELE,MUATC,9,12,E,BD,5353
10/02/2023,16:48,Monday,WARDEN,MUSC,1,4,E,BD,5163
10/02/2023,17:51,Monday,ST PATRICK,MUATC,4,6,S,YU,5410
10/04/2023,07:54,Wednesday,SCARBOROUGH CENTRE,MUATC,13,15,S,SRT,3013
10/04/2023,17:38,Wednesday,LANSDOWNE,PUOPO,5,9,W,BD,5154
10/04/2023,19:18,Wednesday,SHEPPARD-YONGE,TUSC,8,12,N,YU,5770
10/06/2023,08:02,Friday,HIGH PARK,MUATC,3,5,E,BD,5227
10/06/2023,16:53,Friday,BATHURST,MUATC,5,7,E,BD,5322
10/07/2023,07:31,Saturday,KING,MUATC,43,47,S,YU,5451
10/13/2023,12:40,Friday,SHEPPARD-YONGE,MUIS,4,9,E,SHEP,5876
10/18/2023,05:51,Wednesday,DUFFERIN,MUSAN,3,6,E,BD,5122
10/18/2023,18:03,Wednesday,HIGH PARK,MUNOA,8,11,E,BD,5297
10/18/2023,20:57,Wednesday,KIPLING,MUIS,9,11,E,BD,5278
10/19/2023,15:51,Thursday,FINCH,MUATC,5,7,S,YU,5839
10/20/2023,08:43,Friday,COXWELL,MUIS,1,2,W,BD,5352
10/20/2023,19:37,Friday,DON MILLS,MUATC,10,11,E,SHEP,5807
10/21/2023,07:41,Saturday,PAPE,TUSC,5,6,W,BD,5378
10/23/2023,11:34,Monday,FINCH,MUIS,4,9,N,YU,5365
10/23/2023,16:50,Monday,FINCH,PUOPO,5,10,S,YU,5564
10/23/2023,21:54,Monday,BLOOR-YONGE,EUAC,2,2,S,YU,5583
10/23/2023,23:58,Monday,KING,TRSIG,5,10,S,YU,5643
10/24/2023,13:18,Tuesday,BLOOR-YONGE,TRSIG,0,9,S,YU,5344
10/24/2023,19:59,Tuesday,DUPONT,TRSIG,5,10,N,YU,5896
10/25/2023,07:52,Wednesday,BLOOR-YONGE,MUATC,0,2,W,BD,5363
10/26/2023,08:01,Thursday,ST PATRICK,TUSC,1,4,S,YU,5566
10/26/2023,09:16,Thursday,ISLINGTON,MUATC,0,2,W,BD,5306
10/27/2023,15:58,Friday,BATHURST,TUSC,7,15,E,BD,5346
10/28/2023,08:22,Saturday,SHEPPARD WEST,MUNOA,2,3,N,YU,5898
10/28/2023,11:18,Saturday,DAVISVILLE,TUSC,10,15,S,YU,5417
10/28/2023,19:39,Saturday,KENNEDY,TUSC,2,8,W,BD,5210
10/29/2023,06:48,Sunday,YORKDALE,MUATC,13,16,S,YU,5390
10/30/2023,07:41,Monday,LAWRENCE EAST,MUIS,9,24,N,SRT,3029
10/30/2023,08:07,Monday,WILSON,TUSC,4,9,N,YU,5587
10/30/2023,15:52,Monday,UNION,MUNOA,3,8,N,YU,5722
10/31/2023,07:23,Tuesday,SHEPPARD-YONGE,SUDP,0,2,E,SHEP,5809
10/31/2023,08:22,Tuesday,DON MILLS,MUATC,6,9,W,SHEP,5859
10/31/2023,21:47,Tuesday,LAWRENCE,TUSC,3,7,N,YU,5693
11/01/2023,06:12,Wednesday,SPADINA,TUSC,7,9,W,BD,5182
11/01/2023,08:58,Wednesday,MCCOWAN,SUDP,10,14,S,SRT,3092
11/01/2023,13:27,Wednesday,BAY,TRSIG,16,27,E,BD,5114
11/01/2023,22:16,Wednesday,ST ANDREW,TRSIG,2,3,N,YU,5813
11/01/2023,22:40,Wednesday,QUEEN,MUIS,6,10,S,YU,5894
11/02/2023,15:42,Thursday,MCCOWAN,MUATC,10,12,S,SRT,3014
11/03/2023,09:41,Friday,NORTH YORK CENTRE,MUSAN,2,2,N,YU,5708
11/03/2023,19:45,Friday,SHEPPARD-YONGE,MUSAN,4,7,E,SHEP,5938
11/04/2023,16:38,Saturday,UNION,TUSC,0,0,S,YU,5500
11/04/2023,23:25,Saturday,LAWRENCE,SUDP,9,10,S,YU,5822
11/06/2023,09:35,Monday,MAIN STREET,MUIS,5,8,W,BD,5110
11/06/2023,12:42,Monday,LAWRENCE,MUNOA,0,1,S,YU,5772
11/07/2023,13:08,Tuesday,UNION,MUNOA,3,7,N,YU,5590
11/07/2023,16:39,Tuesday,ISLINGTON,PUOPO,1,4,W,BD,5390
11/07/2023,17:05,Tuesday,DON MILLS,TRSIG,1,6,E,SHEP,5806
11/08/2023,05:24,Wednesday,SPADINA,MUSAN,1,5,S,YU,5763
11/08/2023,12:01,Wednesday,MIDLAND,TUSC,5,13,S,SRT,3097
11/10/2023,08:41,Friday,BROADVIEW,MUSC,6,11,E,BD,5146
11/11/2023,19:03,Saturday,LAWRENCE,MUIS,8,21,S,YU,5703
11/12/2023,11:27,Sunday,ST ANDREW,MUNOA,5,5,S,YU,5687
11/13/2023,09:15,Monday,DUNDAS,TRSIG,5,6,S,YU,5735
11/14/2023,13:36,Tuesday,DOWNSVIEW PARK,MUNOA,1,5,N,YU,5389
11/14/2023,22:47,Tuesday,SPADINA,TRSIG,0,4,W,BD,5390
11/15/2023,05:36,Wednesday,WELLESLEY,MUNOA,13,18,S,YU,5539
11/15/2023,08:58,Wednesday,WARDEN,MUNOA,3,7,W,BD,5342
11/15/2023,12:30,Wednesday,BLOOR-YONGE,TUSC,0,4,S,YU,5393
11/15/2023,18:56,Wednesday,SHEPPARD-YONGE,PUOPO,6,9,S,YU,5785
11/16/2023,07:16,Thursday,BLOOR-YONGE,MUIS,10,15,W,BD,5247
11/16/2023,09:37,Thursday,ST ANDREW,MUIS,5,6,S,YU,5508
11/16/2023,10:01,Thursday,DON MILLS,MUNOA,5,9,W,SHEP,5905
11/16/2023,13:20,Thursday,CASTLE FRANK,MUSAN,1,6,W,BD,5254
11/17/2023,15:49,Friday,SCARBOROUGH CENTRE,MUSAN,30,35,S,SRT,3032
11/18/2023,21:24,Saturday,BLOOR-YONGE,MUIS,2,8,E,BD,5220
11/20/2023,07:21,Monday,YORK MILLS,MUATC,10,14,N,YU,5661
11/20/2023,17:27,Monday,CHRISTIE,MUIS,10,13,W,BD,5319
11/21/2023,18:20,Tuesday,FINCH,MUATC,0,4,N,YU,5894
11/22/2023,07:28,Wednesday,HIGH PARK,TUSC,8,8,W,BD,5251
11/22/2023,18:22,Wednesday,ST ANDREW,SUDP,17,20,S,YU,5581
11/22/2023,20:13,Wednesday,QUEEN'S PARK,PUOPO,4,9,S,YU,5806
11/24/2023,17:12,Friday,BLOOR-YONGE,TUSC,1,3,E,BD,5248
11/24/2023,17:21,Friday,MCCOWAN,TRSIG,2,5,N,SRT,3059
11/27/2023,17:01,Monday,BLOOR-YONGE,SUDP,4,7,S,YU,5308
11/27/2023,17:14,Monday,BAY,MUATC,6,10,E,BD,5266
11/27/2023,18:39,Monday,QUEEN,MUSC,17,21,N,YU,5700
11/29/2023,06:48,Wednesday,HIGH PARK,MUIS,8,10,E,BD,5193
11/30/2023,08:27,Thursday,ELLESMERE,TRSIG,8,9,N,SRT,3072
11/30/2023,19:27,Thursday,MAIN STREET,TRSIG,1,3,E,BD,5319
12/01/2023,09:35,Friday,COLLEGE,MUSC,9,16,S,YU,5720
12/03/2023,12:27,Sunday,PAPE,PUOPO,31,33,W,BD,5331
12/04/2023,09:49,Monday,SPADINA,MUATC,3,7,S,YU,5444
12/05/2023,10:16,Tuesday,SHEPPARD-YONGE,MUIS,9,18,W,SHEP,5864
12/05/2023,20:44,Tuesday,UNION,MUSC,6,10,N,YU,5302
12/06/2023,15:22,Wednesday,ST PATRICK,MUSC,18,19,S,YU,5727
12/06/2023,22:50,Wednesday,ST CLAIR WEST,MUIS,37,39,N,YU,5856
12/07/2023,06:26,Thursday,COLLEGE,MUSC,1,5,N,YU,5331
12/07/2023,14:38,Thursday,YORKDALE,MUIS,0,1,N,YU,5511
12/07/2023,14:59,Thursday,COLLEGE,MUIS,16,26,S,YU,5459
12/08/2023,15:54,Friday,QUEEN,TUSC,3,3,N,YU,5559
12/11/2023,07:55,Monday,MIDLAND,MUIS,8,9,N,SRT,3049
12/11/2023,16:18,Monday,QUEEN,MUNOA,0,1,N,YU,5630
12/12/2023,08:50,Tuesday,COLLEGE,TRSIG,4,4,N,YU,5620
12/12/2023,16:28,Tuesday,SPADINA,TUSC,4,6,S,YU,5528
12/12/2023,17:14,Tuesday,DUPONT,TUSC,3,4,S,YU,5516
12/13/2023,14:08,Wednesday,DON MILLS,MUSAN,13,18,W,SHEP,5937
12/13/2023,20:43,Wednesday,DUFFERIN,TUSC,9,12,W,BD,5216
12/15/2023,18:01,Friday,COLLEGE,TRSIG,4,7,N,YU,5385
12/17/2023,16:41,Sunday,DOWNSVIEW PARK,MUNOA,8,10,S,YU,5376
12/18/2023,16:19,Monday,COXWELL,SUDP,1,2,E,BD,5257
12/18/2023,17:42,Monday,MIDLAND,MUSC,7,7,N,SRT,3023
12/19/2023,15:24,Tuesday,CHESTER,PUOPO,0,0,W,BD,5261
12/19/2023,18:22,Tuesday,SHEPPARD-YONGE,MUATC,11,13,S,YU,5340
12/19/2023,18:25,Tuesday,YORK MILLS,TRSIG,5,9,S,YU,5340
12/19/2023,19:43,Tuesday,NORTH YORK CENTRE,MUATC,8,8,S,YU,5720
12/20/2023,10:50,Wednesday,UNION,TRSIG,10,14,S,YU,5473
12/21/2023,14:53,Thursday,ST CLAIR,TUSC,17,21,S,YU,5715
12/22/2023,08:02,Friday,LAWRENCE EAST,MUATC,5,6,S,SRT,3002
12/22/2023,08:45,Friday,EGLINTON WEST,MUATC,11,13,S,YU,5391
12/22/2023,14:18,Friday,MCCOWAN,MUNOA,0,5,N,SRT,3031
12/22/2023,17:19,Friday,QUEEN,MUNOA,14,19,S,YU,5595
12/25/2023,08:11,Monday,MCCOWAN,MUATC,2,3,S,SRT,3014
12/25/2023,16:18,Monday,DOWNSVIEW PARK,SUDP,4,7,N,YU,5420
12/25/2023,19:06,Monday,CHESTER,MUATC,9,14,W,BD,5230
12/27/2023,12:57,Wednesday,CHRISTIE,TUSC,3,5,W,BD,5139
12/28/2023,05:29,Thursday,DON MILLS,MUNOA,9,12,E,SHEP,5829
12/28/2023,10:16,Thursday,SHEPPARD-YONGE,PUOPO,6,11,N,YU,5611
12/29/2023,09:03,Friday,CHESTER,MUATC,6,10,E,BD,5168
12/29/2023,15:30,Friday,QUEEN,MUATC,5,9,S,YU,5344
12/29/2023,15:53,Friday,KIPLING,MUIS,12,15,E,BD,5246
12/29/2023,16:27,Friday,KIPLING,MUATC,7,18,E,BD,5385
12/29/2023,17:43,Friday,BLOOR-YONGE,TRSIG,3,6,N,YU,5611
